Workbook

Sheet Results
A1: WanderPlanner — LLM Model-Selection Eval Results
A2: OpenRouter-routed models, real production itinerary prompt, 6 dataset cases, 1 run/case. See 'Methodology & Notes' tab.
A4: Model | B4: Tier | C4: Accuracy (0-1) | D4: Hallucination Rate (0-1) | E4: Judge Quality (0-1) | F4: Judge Tone (1-5) | G4: Judge Personalization (1-5) | H4: Judge Coherence (1-5) | I4: Judged Calls | J4: p50 Latency (s) | K4: p95 Latency (s) | L4: Cost/Request (USD) | M4: Error Rate | N4: Errors / Calls | O4: Source Run File | P4: Notes
A5: openai/gpt-4o-mini | B5: Mid | C5: 0.7478 | D5: 0.4971 | E5: 0.6945 | F5: 4.5 | G5: 4 | H5: 2.83 | I5: 6 | J5: 32.4 | K5: 47.6 | L5: 0.002297 | M5: 0 | N5: 0/6 | O5: model_comparison_results_20260820_043357.json
A6: anthropic/claude-haiku-4.5 | B6: Mid | C6: 0.6902 | D6: 0.5933 | E6: 0.8667 | F6: 4.6 | G6: 5 | H6: 3.8 | I6: 5 | J6: 33.1 | K6: 58.3 | L6: 0.033623 | M6: 0 | N6: 0/6 | O6: model_comparison_results_20260820_043357.json
A7: moonshotai/kimi-k2 | B7: Mid | C7: 0.6829 | D7: 0.6396 | E7: 0.9 | F7: 4.8 | G7: 5 | H7: 4 | I7: 5 | J7: 92.4 | K7: 123.3 | L7: 0.010636 | M7: 0.1667 | N7: 1/6 | O7: model_comparison_results_20260820_044925.json (re-run after structured-outputs fix)
A8: deepseek/deepseek-v4-flash | B8: Low-cost | C8: 0.6419 | D8: 0.6637 | E8: 0.8125 | F8: 4.5 | G8: 5 | H8: 3.25 | I8: 4 | J8: 133.8 | K8: 136.2 | L8: 0.00115 | M8: 0.3333 | N8: 2/6 | O8: model_comparison_results_20260820_043357.json
A9: google/gemini-2.5-flash-lite | B9: Low-cost | C9: 0.6392 | D9: 0.6366 | E9: 0.9333 | F9: 4.8 | G9: 4.4 | H9: 5 | I9: 5 | J9: 18.1 | K9: 18.5 | L9: 0.002667 | M9: 0.1667 | N9: 1/6 | O9: model_comparison_results_20260820_043357.json
A10: openai/gpt-5-mini | B10: Mid | C10: 0.6383 | D10: 0.5416 | E10: 1 | F10: 5 | G10: 5 | H10: 5 | I10: 2 | J10: 79.2 | K10: 108.2 | L10: 0.015741 | M10: 0.6667 | N10: 4/6 | O10: model_comparison_results_20260820_043357.json
A11: google/gemini-2.5-flash | B11: Mid | C11: 0.6281 | D11: 0.6421 | E11: 0.8055 | F11: 4.67 | G11: 4 | H11: 4 | I11: 6 | J11: 24.7 | K11: 33.2 | L11: 0.015193 | M11: 0 | N11: 0/6 | O11: model_comparison_results_20260820_043357.json
A12: deepseek/deepseek-chat | B12: Mid | C12: 0.6268 | D12: 0.4477 | E12: 0.6666 | F12: 3.75 | G12: 4.25 | H12: 3 | I12: 4 | J12: 68.8 | K12: 102.8 | L12: 0.003971 | M12: 0 | N12: 0/6 | O12: model_comparison_results_20260820_043357.json
A13: google/gemini-3.5-flash-lite | B13: Mid | C13: 0.6264 | D13: 0.6647 | E13: 0.8333 | F13: 4.6 | G13: 4.8 | H13: 3.6 | I13: 5 | J13: 11.3 | K13: 14.2 | L13: 0.010606 | M13: 0 | N13: 0/6 | O13: model_comparison_results_20260820_043357.json
A14: meta-llama/llama-3.3-70b-instruct | B14: Mid | C14: 0.5682 | D14: 0.5755 | E14: 0.3333 | F14: 1.75 | G14: 3.5 | H14: 1.75 | I14: 4 | J14: 74.1 | K14: 294.1 | L14: 0.00112 | M14: 0 | N14: 0/6 | O14: model_comparison_results_20260820_043357.json
A15: meta-llama/llama-3.1-8b-instruct | B15: Low-cost | C15: 0.5434 | D15: 0.4468 | E15: 0.4 | F15: 2.4 | G15: 2.8 | H15: 2.6 | I15: 5 | J15: 17.9 | K15: 79.5 | L15: 0.000347 | M15: 0 | N15: 0/6 | O15: model_comparison_results_20260820_043357.json
A16: openai/gpt-5.6-terra | B16: Frontier | C16: 0.669 | D16: 0.758 | E16: 1 | F16: 5 | G16: 5 | H16: 5 | I16: 3 | J16: 75.6 | K16: 91.1 | L16: 0.082638 | M16: 0.3333 | N16: 2/6 | O16: model_comparison_results_20260820_184928.json
A17: openai/gpt-5.6-luna | B17: Frontier | C17: 0.6491 | D17: 0.6964 | E17: 0.9667 | F17: 5 | G17: 5 | H17: 4.6 | I17: 5 | J17: 41 | K17: 51.7 | L17: 0.007098 | M17: 0 | N17: 0/6 | O17: model_comparison_results_20260820_184928.json
A18: openai/gpt-5-nano | B18: Low-cost | M18: 1 | N18: 6/6 | O18: model_comparison_results_20260820_043357.json | P18: All 6 calls failed: content=None. Reasoning model burns its completion-token budget on hidden reasoning_tokens before emitting visible JSON against the long production prompt. Not fixed -- needs a reasoning-effort/budget control, not a bigger max_tokens cap.
A19: anthropic/claude-sonnet-5 | B19: Frontier | M19: 1 | N19: 6/6 | O19: model_comparison_results_20260820_184928.json | P19: All 6 calls failed: JSONDecodeError (unterminated string). Confirmed live via a direct diagnostic call: finish_reason=length at exactly the shared 8192-token cap -- output produced is genuinely longer than the cap allows for this prompt. Not fixed -- needs a per-model max_tokens override, not a global bump (would raise cost for every cheaper model sharing the same call path).

Sheet Cost at Scale
A1: Projected Monthly Cost by Volume
A2: Cost/Request pulled live from the 'Results' tab via formula — edit Results, this tab recalculates.
A4: Model | B4: Cost/Request (USD) | C4: 10,000 req/mo | D4: 100,000 req/mo | E4: 1,000,000 req/mo
A5: =Results!A5 | B5: =Results!L5 | C5: =IF(Results!L5="","",Results!L5*10000) | D5: =IF(Results!L5="","",Results!L5*100000) | E5: =IF(Results!L5="","",Results!L5*1000000)
A6: =Results!A6 | B6: =Results!L6 | C6: =IF(Results!L6="","",Results!L6*10000) | D6: =IF(Results!L6="","",Results!L6*100000) | E6: =IF(Results!L6="","",Results!L6*1000000)
A7: =Results!A7 | B7: =Results!L7 | C7: =IF(Results!L7="","",Results!L7*10000) | D7: =IF(Results!L7="","",Results!L7*100000) | E7: =IF(Results!L7="","",Results!L7*1000000)
A8: =Results!A8 | B8: =Results!L8 | C8: =IF(Results!L8="","",Results!L8*10000) | D8: =IF(Results!L8="","",Results!L8*100000) | E8: =IF(Results!L8="","",Results!L8*1000000)
A9: =Results!A9 | B9: =Results!L9 | C9: =IF(Results!L9="","",Results!L9*10000) | D9: =IF(Results!L9="","",Results!L9*100000) | E9: =IF(Results!L9="","",Results!L9*1000000)
A10: =Results!A10 | B10: =Results!L10 | C10: =IF(Results!L10="","",Results!L10*10000) | D10: =IF(Results!L10="","",Results!L10*100000) | E10: =IF(Results!L10="","",Results!L10*1000000)
A11: =Results!A11 | B11: =Results!L11 | C11: =IF(Results!L11="","",Results!L11*10000) | D11: =IF(Results!L11="","",Results!L11*100000) | E11: =IF(Results!L11="","",Results!L11*1000000)
A12: =Results!A12 | B12: =Results!L12 | C12: =IF(Results!L12="","",Results!L12*10000) | D12: =IF(Results!L12="","",Results!L12*100000) | E12: =IF(Results!L12="","",Results!L12*1000000)
A13: =Results!A13 | B13: =Results!L13 | C13: =IF(Results!L13="","",Results!L13*10000) | D13: =IF(Results!L13="","",Results!L13*100000) | E13: =IF(Results!L13="","",Results!L13*1000000)
A14: =Results!A14 | B14: =Results!L14 | C14: =IF(Results!L14="","",Results!L14*10000) | D14: =IF(Results!L14="","",Results!L14*100000) | E14: =IF(Results!L14="","",Results!L14*1000000)
A15: =Results!A15 | B15: =Results!L15 | C15: =IF(Results!L15="","",Results!L15*10000) | D15: =IF(Results!L15="","",Results!L15*100000) | E15: =IF(Results!L15="","",Results!L15*1000000)
A16: =Results!A16 | B16: =Results!L16 | C16: =IF(Results!L16="","",Results!L16*10000) | D16: =IF(Results!L16="","",Results!L16*100000) | E16: =IF(Results!L16="","",Results!L16*1000000)
... A19: =Results!A19 | B19: =Results!L19 | C19: =IF(Results!L19="","",Results!L19*10000) | D19: =IF(Results!L19="","",Results!L19*100000) | E19: =IF(Results!L19="","",Results!L19*1000000)

Sheet Methodology & Notes
A1: Methodology & Notes
A4: SOURCE
A5: Generated from apps/api/eval/run_model_comparison.py live runs, 2026-08-18 to 2026-08-20. Raw per-run JSON lives in apps/api/eval/out/ (gitignored, laptop-local) — this workbook is the committed record. Full narrative writeup: docs/eval-set.md §8D and docs/llm-routing-openrouter-analysis.md §7.
A7: WHAT EACH METRIC MEASURES (apps/api/eval/model_comparison_scoring.py)
A8: Accuracy (0-1, deterministic, no LLM): weighted mean of 4 checks — schema_valid (all required fields present, 25%), day_count_match (1 - |actual-expected|/expected, 25%), theme_coverage (fraction of required theme keywords present, 25%), budget_adherence (1.0 within budget, decaying linearly to 0.0 at 2x budget, 25%).
A9: Hallucination Rate (0-1, proxy — NOT ground truth): fraction of named places in the itinerary that match neither the case's curated known-POI whitelist nor the retrieved RAG context text. This is an UPPER BOUND — a real, small venue absent from both sources is flagged too. Valid only for relative ranking across models run on identical prompts, not as an absolute hallucination count.
A10: Judge Quality (0-1, LLM-scored): a fixed judge model (gemini-2.5-flash, deliberately never the model under test, to avoid self-grading bias) scores tone / personalization / coherence 1-5 each, then averages and normalizes to 0-1. Judge sub-scores in this sheet are the native 1-5 scale.
A11: p50 / p95 Latency: wall-clock per call in seconds, aggregated across the 6 dataset cases (1 run/case — single-sample percentiles, not a large-N distribution).
A12: Cost/Request: provider usage tokens x core/llm_client.py's approximate public pricing table (directional signal, not a billing reconciliation).
A14: KNOWN LIMITATIONS IN THIS DATA
A15: - Single run per case (--runs 1), not the --runs 3 the harness supports — latency percentiles and judge sub-scores here are single-sample, not statistically robust.
A16: - gpt-5-mini's Judge Quality of 1.0 is from only 2 of 6 judged calls (4 errored) — not a reliable sample; do not treat it as a real ranking signal.
... A29: gpt-4o-mini is the strongest reliable pick: highest deterministic accuracy (0.7478), zero errors, cheapest of the reliable models. claude-haiku-4.5 / kimi-k2 / gemini-2.5-flash-lite beat it on judge-rated writing quality at a real cost/latency premium. llama-3.1-8b-instruct is far cheapest and fastest but weakest on judge quality — a candidate for low-stakes task routing, not itinerary generation itself. The 3 frontier models tested (2-36x gpt-4o-mini's cost) did NOT beat it on accuracy, though judge quality was genuinely higher where they completed successfully.
